EmployeeID,FirstName,LastName,Email,Nationality,address,PhoneNumber,DateOfBirth,Department,Salary
7542,Jennifer,Villanueva,meyerjeffrey@example.org,Papua New Guinea,Port Jacob,(952)275-9881x189,2006-11-19,Marketing,85699.82
4413,John,Barnett,josehill@example.org,Congo,Webermouth,+1-236-317-8481,1990-06-13,Sales,54057.73
6612,Thomas,Rasmussen,moorebrandon@example.com,France,Solisbury,(660)421-9269x239,1967-09-13,Marketing,43189.06
5905,Crystal,Saunders,ohall@example.net,Grenada,East Todd,966.995.2619x982,1975-07-21,Sales,53386.56
6894,Kimberly,Chandler,gary77@example.com,Gambia,North James,6365841373,1977-06-02,Sales,112209.06
9977,Michelle,Brown,erin57@example.com,Estonia,Lake Jorge,(738)641-2042,1994-01-04,Sales,96019.14
9598,Anthony,Hogan,jill34@example.net,Bahrain,Glenport,351-441-7963x458,1967-10-29,HR,97361.18
8633,Charlene,Fletcher,joseph23@example.org,Antarctica (the territory South of 60 deg S),Berrychester,(746)653-7262x5614,1972-09-17,HR,99583.46
1519,Logan,Duncan,vsmith@example.net,Mongolia,Port Adambury,728-445-2532x68160,1995-02-15,IT,96851.56
8393,Benjamin,Velez,icraig@example.org,Mozambique,Lake Phillipshire,995.432.8216,2004-08-29,Marketing,96537.19
6108,Anthony,Booth,kellymcgee@example.com,Puerto Rico,North Zachary,001-676-818-7629x9505,1960-08-22,HR,64807.18
5029,Christopher,Smith,garystone@example.net,Nicaragua,Powellmouth,001-552-429-0197x5300,1989-02-14,Finance,42236.8
2882,Teresa,Carter,williamtucker@example.com,Madagascar,West Sherylton,805.776.9721x366,1995-04-15,Finance,72502.62
7387,Michael,Hicks,lowejoshua@example.net,United Kingdom,Port Sandra,481-583-3921,1994-02-13,HR,98373.8
2018,Veronica,Webster,desireemann@example.com,Spain,New Andreaport,001-289-451-6767x464,1972-01-03,Sales,44531.91
4322,Sarah,Lopez,lindamendoza@example.org,Turkey,Garciaside,236.911.3504x970,1990-05-21,Finance,93146.42
7422,Max,Miller,wolfecharles@example.com,El Salvador,Donnachester,001-889-812-1192x37032,1992-03-17,Finance,68286.36
9026,Sherry,Bell,ualexander@example.org,Guatemala,South Willie,456-326-1536,2000-03-05,IT,118414.87
8666,Russell,Elliott,john64@example.net,Reunion,Pageburgh,356-461-1786x715,1992-11-07,HR,70980.78
4214,Lindsey,Coleman,michellewilliamson@example.net,Uruguay,Flynnberg,001-781-953-8391x1246,2007-08-12,IT,106102.81
5160,Joseph,Cook,kking@example.com,Somalia,Sarahton,446-666-8344,2001-05-14,IT,50442.69
4033,Jason,Henry,jimenezbrian@example.net,Antarctica (the territory South of 60 deg S),South Josephburgh,+1-209-803-8049x93154,1996-09-21,Sales,103802.12
1321,Jon,Anderson,bruce42@example.org,Thailand,Johnmouth,+1-374-532-4917x8218,1993-11-01,HR,101413.79
2711,Bryan,Murray,julia81@example.com,Uzbekistan,Danielhaven,603.553.3867x76157,1962-10-19,Finance,74169.87
4835,Rebecca,Morales,cookraymond@example.com,Mongolia,West John,+1-719-367-7719x606,1991-03-07,Marketing,112060.77
4572,Frederick,Chan,kyang@example.net,Reunion,Elizabethfort,(944)302-3065x1302,1997-03-08,IT,64754.17
4601,Anthony,Reese,michellefreeman@example.com,Holy See (Vatican City State),Hansenburgh,461-807-8314x268,1978-08-02,IT,78185.8
4591,Rachel,Bradley,jasondelgado@example.net,Ethiopia,Christopherstad,001-436-455-2649x976,1964-11-29,Finance,87380.76
2821,Sheila,Riley,coreysanchez@example.net,Canada,Shaneville,001-676-995-2607x588,1981-06-11,Finance,79195.98
5890,Judy,Grant,ithompson@example.org,Sierra Leone,Benjamintown,(521)524-8984x7692,1986-06-25,HR,99322.14
3416,Sara,Wright,fwoods@example.com,Benin,Apriltown,858.930.3333x9346,1965-10-03,Finance,108231.84
3898,Rodney,Hall,qwalters@example.com,French Southern Territories,West Yvonne,546.915.1760x39898,1999-08-14,IT,105023.62
9490,Sheila,Montgomery,mmcdaniel@example.org,Kenya,South Tracy,(490)864-1346x634,1989-07-12,Finance,48638.54
5715,Jessica,Allen,myersdenise@example.org,Malaysia,Smithmouth,(588)688-4282,1966-07-10,Sales,73775.85
4218,Richard,Lucero,deborah79@example.com,Bolivia,Richardsshire,(274)833-7291x2434,2003-02-26,HR,101980.96
4765,April,Alvarez,lhall@example.com,Cameroon,Marshallshire,906-478-7199x7835,1994-01-31,IT,74920.39
1947,Zachary,Singleton,wolfdavid@example.net,Azerbaijan,Port Melaniemouth,663.736.6175,1994-09-27,Finance,68434.41
6809,Robert,Curry,wparker@example.com,Mongolia,South Justinshire,276-223-5952x982,1993-05-29,HR,101108.6
5985,Deborah,Owens,pfox@example.org,Nauru,Bobbyfurt,(385)644-5222x00250,1974-10-22,Sales,78576.45
1203,Erica,Kirby,danielmelendez@example.com,Cuba,Perezchester,001-493-497-2958x9419,1975-12-29,IT,82094.9
